-- local-review-go 压测用种子数据
-- 用法: make seed 或 docker exec -i local-review-mysql mysql -uroot -p8888.216 local_review_go < script/seed.sql

SET NAMES utf8mb4;

-- 1. 店铺类型
INSERT IGNORE INTO tb_shop_type (id, name, icon, sort, create_time, update_time) VALUES
(1, '美食', 'catering', 1, NOW(), NOW()),
(2, '咖啡', 'coffee', 2, NOW(), NOW()),
(3, '酒店', 'hotel', 3, NOW(), NOW());

-- 2. 店铺（25 家）
INSERT IGNORE INTO tb_shop (id, name, type_id, images, area, address, x, y, avg_price, sold, comments, score, open_hours, create_time, update_time) VALUES
(1, '老北京炸酱面', 1, 'https://picsum.photos/200', '朝阳区', '朝阳路100号', 116.4, 39.9, 35, 1200, 320, 48, '09:00-22:00', NOW(), NOW()),
(2, '川味小厨', 1, 'https://picsum.photos/201', '海淀区', '中关村大街88号', 116.3, 39.98, 45, 800, 180, 46, '10:00-21:30', NOW(), NOW()),
(3, '星巴克臻选', 2, 'https://picsum.photos/202', '西城区', '西单大悦城', 116.38, 39.91, 55, 2000, 500, 50, '08:00-23:00', NOW(), NOW()),
(4, '瑞幸咖啡', 2, 'https://picsum.photos/203', '东城区', '王府井大街1号', 116.41, 39.92, 25, 3500, 800, 47, '07:30-22:00', NOW(), NOW()),
(5, '海底捞火锅', 1, 'https://picsum.photos/204', '朝阳区', '望京SOHO', 116.48, 39.99, 120, 5000, 1200, 49, '10:00-24:00', NOW(), NOW()),
(6, '如家酒店', 3, 'https://picsum.photos/205', '海淀区', '五道口', 116.34, 39.99, 200, 300, 150, 45, '24小时', NOW(), NOW()),
(7, '外婆家', 1, 'https://picsum.photos/206', '朝阳区', '三里屯', 116.45, 39.93, 80, 1800, 400, 48, '11:00-22:00', NOW(), NOW()),
(8, 'Manner Coffee', 2, 'https://picsum.photos/207', '海淀区', '清华东路', 116.35, 40.0, 30, 1500, 350, 46, '08:00-20:00', NOW(), NOW()),
(9, '全聚德烤鸭', 1, 'https://picsum.photos/208', '东城区', '前门大街', 116.39, 39.9, 150, 2500, 600, 49, '11:00-21:00', NOW(), NOW()),
(10, '汉庭酒店', 3, 'https://picsum.photos/209', '丰台区', '北京南站', 116.38, 39.87, 180, 200, 80, 44, '24小时', NOW(), NOW()),
(11, '西贝莜面村', 1, 'https://picsum.photos/210', '朝阳区', '国贸商城', 116.46, 39.91, 90, 2200, 550, 48, '10:00-22:00', NOW(), NOW()),
(12, '喜茶', 2, 'https://picsum.photos/211', '海淀区', '中关村软件园', 116.29, 40.05, 28, 4000, 900, 47, '09:00-22:00', NOW(), NOW()),
(13, '呷哺呷哺', 1, 'https://picsum.photos/212', '西城区', '金融街', 116.37, 39.92, 65, 2800, 700, 46, '11:00-22:00', NOW(), NOW()),
(14, '7天连锁酒店', 3, 'https://picsum.photos/213', '东城区', '东直门', 116.43, 39.94, 150, 180, 90, 43, '24小时', NOW(), NOW()),
(15, '绿茶餐厅', 1, 'https://picsum.photos/214', '朝阳区', '蓝色港湾', 116.47, 39.95, 75, 1600, 380, 47, '11:00-21:30', NOW(), NOW()),
(16, 'Costa Coffee', 2, 'https://picsum.photos/215', '西城区', '金融街购物中心', 116.36, 39.91, 45, 1200, 280, 46, '08:00-21:00', NOW(), NOW()),
(17, '巴奴毛肚火锅', 1, 'https://picsum.photos/216', '海淀区', '上地', 116.31, 40.04, 110, 900, 220, 48, '11:00-23:00', NOW(), NOW()),
(18, '奈雪的茶', 2, 'https://picsum.photos/217', '朝阳区', '三里屯太古里', 116.45, 39.93, 35, 3500, 750, 47, '10:00-22:00', NOW(), NOW()),
(19, '眉州东坡', 1, 'https://picsum.photos/218', '东城区', '簋街', 116.42, 39.93, 95, 1400, 360, 48, '10:30-22:00', NOW(), NOW()),
(20, '亚朵酒店', 3, 'https://picsum.photos/219', '朝阳区', '望京', 116.47, 39.99, 350, 120, 85, 49, '24小时', NOW(), NOW()),
(21, '云海肴', 1, 'https://picsum.photos/220', '海淀区', '五道口购物中心', 116.34, 39.99, 85, 1100, 290, 47, '11:00-21:30', NOW(), NOW()),
(22, 'Tims咖啡', 2, 'https://picsum.photos/221', '丰台区', '丽泽商务区', 116.31, 39.87, 38, 800, 180, 46, '07:00-21:00', NOW(), NOW()),
(23, '小龙坎火锅', 1, 'https://picsum.photos/222', '朝阳区', '大望路', 116.47, 39.91, 100, 1800, 450, 48, '11:00-24:00', NOW(), NOW()),
(24, '蜜雪冰城', 2, 'https://picsum.photos/223', '西城区', '西单', 116.38, 39.91, 12, 6000, 1200, 45, '09:00-22:00', NOW(), NOW()),
(25, '四季民福', 1, 'https://picsum.photos/224', '东城区', '故宫东华门', 116.4, 39.92, 130, 3200, 800, 50, '10:30-21:30', NOW(), NOW());

-- 3. 普通优惠券（店铺 1-5）
INSERT IGNORE INTO tb_voucher (id, shop_id, title, sub_title, rules, pay_value, actual_value, type, status, create_time, update_time) VALUES
(1, 1, '满30减10', '新客专享', '满30可用', 1000, 3000, 0, 0, NOW(), NOW()),
(2, 2, '满50减15', '限时优惠', '满50可用', 1500, 5000, 0, 0, NOW(), NOW()),
(3, 3, '第二杯半价', '咖啡日', '限同款', 0, 0, 0, 0, NOW(), NOW()),
(4, 4, '9.9元拿铁', '新人专享', '每人限1次', 990, 2500, 0, 0, NOW(), NOW()),
(5, 5, '满200减50', '火锅季', '满200可用', 5000, 20000, 0, 0, NOW(), NOW());

-- 4. 秒杀优惠券（voucher_id 6,7,8 需先插入主表，再插入秒杀表）
INSERT IGNORE INTO tb_voucher (id, shop_id, title, sub_title, rules, pay_value, actual_value, type, status, create_time, update_time) VALUES
(6, 1, '秒杀-炸酱面5元', '限时秒杀', '每人限1份', 500, 3500, 1, 0, NOW(), NOW()),
(7, 4, '秒杀-9.9拿铁', '爆款秒杀', '每人限1杯', 990, 2500, 1, 0, NOW(), NOW()),
(8, 5, '秒杀-火锅套餐99', '超值秒杀', '每人限1份', 9900, 20000, 1, 0, NOW(), NOW());

-- 5. 秒杀券详情（begin_time 已开始，end_time 未来24小时，便于压测）
INSERT IGNORE INTO tb_seckill_voucher (voucher_id, stock, create_time, begin_time, end_time, update_time) VALUES
(6, 500, NOW(), DATE_SUB(NOW(), INTERVAL 1 HOUR), DATE_ADD(NOW(), INTERVAL 24 HOUR), NOW()),
(7, 300, NOW(), DATE_SUB(NOW(), INTERVAL 1 HOUR), DATE_ADD(NOW(), INTERVAL 24 HOUR), NOW()),
(8, 200, NOW(), DATE_SUB(NOW(), INTERVAL 1 HOUR), DATE_ADD(NOW(), INTERVAL 24 HOUR), NOW());

-- 6. 测试用户（用于压测登录，手机号 13800138000）
INSERT IGNORE INTO tb_user (id, phone, password, nick_name, icon, create_time, update_time) VALUES
(1, '13800138000', '', 'test_user', '', NOW(), NOW());

-- 7. 店铺探店笔记/点评（供 RAG 语义检索：embedding 承载「浪漫」「适合约会」等 filter 无法表达的语义）
INSERT IGNORE INTO tb_blog (id, shop_id, user_id, title, images, content, liked, comments, create_time, update_time) VALUES
(1, 5, 1, '海底捞探店', '', '环境浪漫适合约会，服务态度超好，辣度适中，适合朋友聚餐，强烈推荐！', 88, 12, NOW(), NOW()),
(2, 5, 1, '火锅体验', '', '氛围很好，适合情侣约会，番茄锅底特别浓郁，牛肉新鲜。', 65, 8, NOW(), NOW()),
(3, 5, 1, '生日聚餐', '', '过生日选这里，服务员很贴心，环境浪漫，适合庆祝。', 52, 6, NOW(), NOW()),
(4, 7, 1, '外婆家打卡', '', '江浙菜口味正宗，环境优雅适合家庭聚餐，东坡肉必点。', 42, 5, NOW(), NOW()),
(5, 7, 1, '家庭聚会', '', '带爸妈来吃，环境安静适合老人，菜品清淡健康。', 38, 4, NOW(), NOW()),
(6, 1, 1, '老北京炸酱面', '', '地道北京味，面条劲道，炸酱香浓，性价比高。', 30, 3, NOW(), NOW()),
(7, 1, 1, '快餐首选', '', '上班族午餐好选择，出餐快，分量足，实惠。', 25, 2, NOW(), NOW()),
(8, 3, 1, '星巴克臻选', '', '咖啡品质高，环境安静适合办公学习，拿铁拉花漂亮。', 55, 6, NOW(), NOW()),
(9, 3, 1, '自习好去处', '', '周末来写论文，插座多，WiFi快，适合长时间办公。', 48, 5, NOW(), NOW()),
(10, 9, 1, '全聚德烤鸭', '', '烤鸭皮脆肉嫩，适合商务宴请，老字号品质有保障。', 72, 10, NOW(), NOW()),
(11, 9, 1, '招待客户', '', '请客户吃饭首选，档次够，烤鸭有面子。', 60, 8, NOW(), NOW()),
(12, 2, 1, '川味小厨', '', '辣得过瘾，适合爱吃辣的朋友，毛血旺必点。', 35, 4, NOW(), NOW()),
(13, 4, 1, '瑞幸咖啡', '', '性价比高，拿铁好喝，适合上班族日常。', 40, 5, NOW(), NOW()),
(14, 6, 1, '如家酒店', '', '出差住这里，干净卫生，交通方便，经济实惠。', 28, 3, NOW(), NOW()),
(15, 8, 1, 'Manner Coffee', '', '小而美，咖啡香浓，适合打包带走，价格亲民。', 45, 5, NOW(), NOW()),
(16, 10, 1, '汉庭酒店', '', '南站附近，赶火车方便，房间整洁。', 22, 2, NOW(), NOW()),
(17, 11, 1, '西贝莜面村', '', '西北菜正宗，莜面鱼鱼好吃，适合家庭聚餐。', 55, 7, NOW(), NOW()),
(18, 11, 1, '健康饮食', '', '粗粮为主，营养均衡，适合减肥人士。', 42, 4, NOW(), NOW()),
(19, 12, 1, '喜茶打卡', '', '奶茶口感好，环境网红风，适合拍照发朋友圈。', 68, 9, NOW(), NOW()),
(20, 13, 1, '呷哺呷哺', '', '一人食火锅，小锅干净，适合单身狗。', 38, 5, NOW(), NOW()),
(21, 15, 1, '绿茶餐厅', '', '杭帮菜清淡，环境小清新，适合情侣约会。', 50, 6, NOW(), NOW()),
(22, 15, 1, '约会圣地', '', '灯光柔和，氛围浪漫，适合表白。', 45, 5, NOW(), NOW()),
(23, 16, 1, 'Costa Coffee', '', '英式风格，沙发舒服，适合商务洽谈。', 35, 4, NOW(), NOW()),
(24, 17, 1, '巴奴毛肚', '', '毛肚新鲜，辣锅过瘾，适合聚餐喝酒。', 58, 7, NOW(), NOW()),
(25, 18, 1, '奈雪的茶', '', '欧包好吃，茶饮清爽，适合下午茶。', 62, 8, NOW(), NOW()),
(26, 19, 1, '眉州东坡', '', '川菜正宗，东坡肘子软烂，适合宴请。', 48, 6, NOW(), NOW()),
(27, 20, 1, '亚朵酒店', '', '设计感强，书吧文艺，适合出差休闲。', 55, 6, NOW(), NOW()),
(28, 21, 1, '云海肴', '', '云南菜特色，汽锅鸡鲜，适合尝鲜。', 42, 5, NOW(), NOW()),
(29, 22, 1, 'Tims咖啡', '', '贝果好吃，咖啡稳定，适合早餐。', 35, 4, NOW(), NOW()),
(30, 23, 1, '小龙坎', '', '重庆火锅正宗，牛油锅底香，适合嗜辣者。', 65, 8, NOW(), NOW()),
(31, 23, 1, '夜宵好去处', '', '营业到凌晨，深夜食堂，适合加班后。', 48, 5, NOW(), NOW()),
(32, 24, 1, '蜜雪冰城', '', '便宜大碗，学生党最爱，性价比无敌。', 80, 12, NOW(), NOW()),
(33, 25, 1, '四季民福', '', '烤鸭天花板，故宫景观位，适合招待贵宾。', 95, 15, NOW(), NOW()),
(34, 25, 1, '景观餐厅', '', '能看到故宫，环境绝佳，适合纪念日。', 78, 10, NOW(), NOW()),
(35, 5, 1, '团建推荐', '', '公司团建来过，包间大，服务好，大家都很满意。', 70, 9, NOW(), NOW()),
(36, 3, 1, '面试前放松', '', '面试前来杯咖啡，环境安静，适合调整心态。', 30, 3, NOW(), NOW()),
(37, 7, 1, '江浙菜推荐', '', '龙井虾仁鲜嫩，西湖醋鱼正宗，江南风味。', 45, 5, NOW(), NOW()),
(38, 9, 1, '北京特产', '', '带外地朋友吃烤鸭，必选全聚德。', 65, 8, NOW(), NOW()),
(39, 17, 1, '火锅聚会', '', '朋友聚会吃火锅，巴奴毛肚是首选。', 52, 6, NOW(), NOW()),
(40, 21, 1, '云南风味', '', '过桥米线正宗，菌菇鲜美，异域风情。', 38, 4, NOW(), NOW()),
(41, 12, 1, '网红奶茶', '', '排队也要喝，芝士奶盖绝了。', 55, 7, NOW(), NOW()),
(42, 23, 1, '辣味十足', '', '麻辣鲜香，越吃越上瘾。', 60, 7, NOW(), NOW()),
(43, 15, 1, '小资情调', '', '装修文艺，菜品精致，适合闺蜜聚会。', 48, 5, NOW(), NOW()),
(44, 20, 1, '精品酒店', '', '比快捷酒店舒服太多，值得多花点钱。', 62, 7, NOW(), NOW()),
(45, 25, 1, '高端宴请', '', '请重要客户吃饭，四季民福不会出错。', 85, 11, NOW(), NOW());
