-- 压测用：多用户 + 多秒杀券
-- 用法: make seed-load-test 或 docker exec -i local-review-mysql mysql -uroot -p8888.216 local_review_go < script/seed-load-test.sql
-- 前置: 需先执行 make seed（基础数据）

SET NAMES utf8mb4;

-- 1. 多用户（50 个，手机号 13800138001-13800138050，id 2-51）
INSERT IGNORE INTO tb_user (id, phone, password, nick_name, icon, create_time, update_time) VALUES
(2, '13800138001', '', 'user_01', '', NOW(), NOW()),
(3, '13800138002', '', 'user_02', '', NOW(), NOW()),
(4, '13800138003', '', 'user_03', '', NOW(), NOW()),
(5, '13800138004', '', 'user_04', '', NOW(), NOW()),
(6, '13800138005', '', 'user_05', '', NOW(), NOW()),
(7, '13800138006', '', 'user_06', '', NOW(), NOW()),
(8, '13800138007', '', 'user_07', '', NOW(), NOW()),
(9, '13800138008', '', 'user_08', '', NOW(), NOW()),
(10, '13800138009', '', 'user_09', '', NOW(), NOW()),
(11, '13800138010', '', 'user_10', '', NOW(), NOW()),
(12, '13800138011', '', 'user_11', '', NOW(), NOW()),
(13, '13800138012', '', 'user_12', '', NOW(), NOW()),
(14, '13800138013', '', 'user_13', '', NOW(), NOW()),
(15, '13800138014', '', 'user_14', '', NOW(), NOW()),
(16, '13800138015', '', 'user_15', '', NOW(), NOW()),
(17, '13800138016', '', 'user_16', '', NOW(), NOW()),
(18, '13800138017', '', 'user_17', '', NOW(), NOW()),
(19, '13800138018', '', 'user_18', '', NOW(), NOW()),
(20, '13800138019', '', 'user_19', '', NOW(), NOW()),
(21, '13800138020', '', 'user_20', '', NOW(), NOW()),
(22, '13800138021', '', 'user_21', '', NOW(), NOW()),
(23, '13800138022', '', 'user_22', '', NOW(), NOW()),
(24, '13800138023', '', 'user_23', '', NOW(), NOW()),
(25, '13800138024', '', 'user_24', '', NOW(), NOW()),
(26, '13800138025', '', 'user_25', '', NOW(), NOW()),
(27, '13800138026', '', 'user_26', '', NOW(), NOW()),
(28, '13800138027', '', 'user_27', '', NOW(), NOW()),
(29, '13800138028', '', 'user_28', '', NOW(), NOW()),
(30, '13800138029', '', 'user_29', '', NOW(), NOW()),
(31, '13800138030', '', 'user_30', '', NOW(), NOW()),
(32, '13800138031', '', 'user_31', '', NOW(), NOW()),
(33, '13800138032', '', 'user_32', '', NOW(), NOW()),
(34, '13800138033', '', 'user_33', '', NOW(), NOW()),
(35, '13800138034', '', 'user_34', '', NOW(), NOW()),
(36, '13800138035', '', 'user_35', '', NOW(), NOW()),
(37, '13800138036', '', 'user_36', '', NOW(), NOW()),
(38, '13800138037', '', 'user_37', '', NOW(), NOW()),
(39, '13800138038', '', 'user_38', '', NOW(), NOW()),
(40, '13800138039', '', 'user_39', '', NOW(), NOW()),
(41, '13800138040', '', 'user_40', '', NOW(), NOW()),
(42, '13800138041', '', 'user_41', '', NOW(), NOW()),
(43, '13800138042', '', 'user_42', '', NOW(), NOW()),
(44, '13800138043', '', 'user_43', '', NOW(), NOW()),
(45, '13800138044', '', 'user_44', '', NOW(), NOW()),
(46, '13800138045', '', 'user_45', '', NOW(), NOW()),
(47, '13800138046', '', 'user_46', '', NOW(), NOW()),
(48, '13800138047', '', 'user_47', '', NOW(), NOW()),
(49, '13800138048', '', 'user_48', '', NOW(), NOW()),
(50, '13800138049', '', 'user_49', '', NOW(), NOW()),
(51, '13800138050', '', 'user_50', '', NOW(), NOW()),
(52, '13800138051', '', 'user_51', '', NOW(), NOW()),
(53, '13800138052', '', 'user_52', '', NOW(), NOW()),
(54, '13800138053', '', 'user_53', '', NOW(), NOW()),
(55, '13800138054', '', 'user_54', '', NOW(), NOW()),
(56, '13800138055', '', 'user_55', '', NOW(), NOW()),
(57, '13800138056', '', 'user_56', '', NOW(), NOW()),
(58, '13800138057', '', 'user_57', '', NOW(), NOW()),
(59, '13800138058', '', 'user_58', '', NOW(), NOW()),
(60, '13800138059', '', 'user_59', '', NOW(), NOW()),
(61, '13800138060', '', 'user_60', '', NOW(), NOW()),
(62, '13800138061', '', 'user_61', '', NOW(), NOW()),
(63, '13800138062', '', 'user_62', '', NOW(), NOW()),
(64, '13800138063', '', 'user_63', '', NOW(), NOW()),
(65, '13800138064', '', 'user_64', '', NOW(), NOW()),
(66, '13800138065', '', 'user_65', '', NOW(), NOW()),
(67, '13800138066', '', 'user_66', '', NOW(), NOW()),
(68, '13800138067', '', 'user_67', '', NOW(), NOW()),
(69, '13800138068', '', 'user_68', '', NOW(), NOW()),
(70, '13800138069', '', 'user_69', '', NOW(), NOW()),
(71, '13800138070', '', 'user_70', '', NOW(), NOW()),
(72, '13800138071', '', 'user_71', '', NOW(), NOW()),
(73, '13800138072', '', 'user_72', '', NOW(), NOW()),
(74, '13800138073', '', 'user_73', '', NOW(), NOW()),
(75, '13800138074', '', 'user_74', '', NOW(), NOW()),
(76, '13800138075', '', 'user_75', '', NOW(), NOW()),
(77, '13800138076', '', 'user_76', '', NOW(), NOW()),
(78, '13800138077', '', 'user_77', '', NOW(), NOW()),
(79, '13800138078', '', 'user_78', '', NOW(), NOW()),
(80, '13800138079', '', 'user_79', '', NOW(), NOW()),
(81, '13800138080', '', 'user_80', '', NOW(), NOW()),
(82, '13800138081', '', 'user_81', '', NOW(), NOW()),
(83, '13800138082', '', 'user_82', '', NOW(), NOW()),
(84, '13800138083', '', 'user_83', '', NOW(), NOW()),
(85, '13800138084', '', 'user_84', '', NOW(), NOW()),
(86, '13800138085', '', 'user_85', '', NOW(), NOW()),
(87, '13800138086', '', 'user_86', '', NOW(), NOW()),
(88, '13800138087', '', 'user_87', '', NOW(), NOW()),
(89, '13800138088', '', 'user_88', '', NOW(), NOW()),
(90, '13800138089', '', 'user_89', '', NOW(), NOW()),
(91, '13800138090', '', 'user_90', '', NOW(), NOW()),
(92, '13800138091', '', 'user_91', '', NOW(), NOW()),
(93, '13800138092', '', 'user_92', '', NOW(), NOW()),
(94, '13800138093', '', 'user_93', '', NOW(), NOW()),
(95, '13800138094', '', 'user_94', '', NOW(), NOW()),
(96, '13800138095', '', 'user_95', '', NOW(), NOW()),
(97, '13800138096', '', 'user_96', '', NOW(), NOW()),
(98, '13800138097', '', 'user_97', '', NOW(), NOW()),
(99, '13800138098', '', 'user_98', '', NOW(), NOW()),
(100, '13800138099', '', 'user_99', '', NOW(), NOW()),
(101, '13800138100', '', 'user_100', '', NOW(), NOW()),
(102, '13800138101', '', 'user_101', '', NOW(), NOW()),
(103, '13800138102', '', 'user_102', '', NOW(), NOW()),
(104, '13800138103', '', 'user_103', '', NOW(), NOW()),
(105, '13800138104', '', 'user_104', '', NOW(), NOW()),
(106, '13800138105', '', 'user_105', '', NOW(), NOW()),
(107, '13800138106', '', 'user_106', '', NOW(), NOW()),
(108, '13800138107', '', 'user_107', '', NOW(), NOW()),
(109, '13800138108', '', 'user_108', '', NOW(), NOW()),
(110, '13800138109', '', 'user_109', '', NOW(), NOW()),
(111, '13800138110', '', 'user_110', '', NOW(), NOW()),
(112, '13800138111', '', 'user_111', '', NOW(), NOW()),
(113, '13800138112', '', 'user_112', '', NOW(), NOW()),
(114, '13800138113', '', 'user_113', '', NOW(), NOW()),
(115, '13800138114', '', 'user_114', '', NOW(), NOW()),
(116, '13800138115', '', 'user_115', '', NOW(), NOW()),
(117, '13800138116', '', 'user_116', '', NOW(), NOW()),
(118, '13800138117', '', 'user_117', '', NOW(), NOW()),
(119, '13800138118', '', 'user_118', '', NOW(), NOW()),
(120, '13800138119', '', 'user_119', '', NOW(), NOW()),
(121, '13800138120', '', 'user_120', '', NOW(), NOW()),
(122, '13800138121', '', 'user_121', '', NOW(), NOW()),
(123, '13800138122', '', 'user_122', '', NOW(), NOW()),
(124, '13800138123', '', 'user_123', '', NOW(), NOW()),
(125, '13800138124', '', 'user_124', '', NOW(), NOW()),
(126, '13800138125', '', 'user_125', '', NOW(), NOW()),
(127, '13800138126', '', 'user_126', '', NOW(), NOW()),
(128, '13800138127', '', 'user_127', '', NOW(), NOW()),
(129, '13800138128', '', 'user_128', '', NOW(), NOW()),
(130, '13800138129', '', 'user_129', '', NOW(), NOW()),
(131, '13800138130', '', 'user_130', '', NOW(), NOW()),
(132, '13800138131', '', 'user_131', '', NOW(), NOW()),
(133, '13800138132', '', 'user_132', '', NOW(), NOW()),
(134, '13800138133', '', 'user_133', '', NOW(), NOW()),
(135, '13800138134', '', 'user_134', '', NOW(), NOW()),
(136, '13800138135', '', 'user_135', '', NOW(), NOW()),
(137, '13800138136', '', 'user_136', '', NOW(), NOW()),
(138, '13800138137', '', 'user_137', '', NOW(), NOW()),
(139, '13800138138', '', 'user_138', '', NOW(), NOW()),
(140, '13800138139', '', 'user_139', '', NOW(), NOW()),
(141, '13800138140', '', 'user_140', '', NOW(), NOW()),
(142, '13800138141', '', 'user_141', '', NOW(), NOW()),
(143, '13800138142', '', 'user_142', '', NOW(), NOW()),
(144, '13800138143', '', 'user_143', '', NOW(), NOW()),
(145, '13800138144', '', 'user_144', '', NOW(), NOW()),
(146, '13800138145', '', 'user_145', '', NOW(), NOW()),
(147, '13800138146', '', 'user_146', '', NOW(), NOW()),
(148, '13800138147', '', 'user_147', '', NOW(), NOW()),
(149, '13800138148', '', 'user_148', '', NOW(), NOW()),
(150, '13800138149', '', 'user_149', '', NOW(), NOW()),
(151, '13800138150', '', 'user_150', '', NOW(), NOW());

-- 2. 多秒杀券（10 个 9-18 + 12 个 19-30，每券库存 100）
INSERT IGNORE INTO tb_voucher (id, shop_id, title, sub_title, rules, pay_value, actual_value, type, status, create_time, update_time) VALUES
(9, 1, '秒杀-炸酱面5元', '限时秒杀', '每人限1份', 500, 3500, 1, 0, NOW(), NOW()),
(10, 2, '秒杀-川味小厨', '限时秒杀', '每人限1份', 800, 5000, 1, 0, NOW(), NOW()),
(11, 3, '秒杀-星巴克', '限时秒杀', '每人限1份', 1500, 6000, 1, 0, NOW(), NOW()),
(12, 4, '秒杀-瑞幸', '限时秒杀', '每人限1份', 990, 2500, 1, 0, NOW(), NOW()),
(13, 5, '秒杀-海底捞', '限时秒杀', '每人限1份', 9900, 20000, 1, 0, NOW(), NOW()),
(14, 6, '秒杀-如家', '限时秒杀', '每人限1份', 5000, 20000, 1, 0, NOW(), NOW()),
(15, 7, '秒杀-外婆家', '限时秒杀', '每人限1份', 3000, 8000, 1, 0, NOW(), NOW()),
(16, 8, '秒杀-Manner', '限时秒杀', '每人限1份', 990, 3000, 1, 0, NOW(), NOW()),
(17, 9, '秒杀-全聚德', '限时秒杀', '每人限1份', 5000, 15000, 1, 0, NOW(), NOW()),
(18, 10, '秒杀-汉庭', '限时秒杀', '每人限1份', 3000, 18000, 1, 0, NOW(), NOW()),
(19, 1, '秒杀-炸酱面B', '限时秒杀', '每人限1份', 600, 3600, 1, 0, NOW(), NOW()),
(20, 2, '秒杀-川味B', '限时秒杀', '每人限1份', 900, 5500, 1, 0, NOW(), NOW()),
(21, 3, '秒杀-星巴克B', '限时秒杀', '每人限1份', 1600, 6500, 1, 0, NOW(), NOW()),
(22, 4, '秒杀-瑞幸B', '限时秒杀', '每人限1份', 1090, 2600, 1, 0, NOW(), NOW()),
(23, 5, '秒杀-海底捞B', '限时秒杀', '每人限1份', 10000, 21000, 1, 0, NOW(), NOW()),
(24, 6, '秒杀-如家B', '限时秒杀', '每人限1份', 5100, 21000, 1, 0, NOW(), NOW()),
(25, 7, '秒杀-外婆家B', '限时秒杀', '每人限1份', 3100, 8500, 1, 0, NOW(), NOW()),
(26, 8, '秒杀-MannerB', '限时秒杀', '每人限1份', 1090, 3100, 1, 0, NOW(), NOW()),
(27, 9, '秒杀-全聚德B', '限时秒杀', '每人限1份', 5100, 16000, 1, 0, NOW(), NOW()),
(28, 10, '秒杀-汉庭B', '限时秒杀', '每人限1份', 3100, 19000, 1, 0, NOW(), NOW()),
(29, 1, '秒杀-炸酱面C', '限时秒杀', '每人限1份', 700, 3700, 1, 0, NOW(), NOW()),
(30, 2, '秒杀-川味C', '限时秒杀', '每人限1份', 1000, 6000, 1, 0, NOW(), NOW());

INSERT IGNORE INTO tb_seckill_voucher (voucher_id, stock, create_time, begin_time, end_time, update_time) VALUES
(9, 100, NOW(), DATE_SUB(NOW(), INTERVAL 1 HOUR), DATE_ADD(NOW(), INTERVAL 24 HOUR), NOW()),
(10, 100, NOW(), DATE_SUB(NOW(), INTERVAL 1 HOUR), DATE_ADD(NOW(), INTERVAL 24 HOUR), NOW()),
(11, 100, NOW(), DATE_SUB(NOW(), INTERVAL 1 HOUR), DATE_ADD(NOW(), INTERVAL 24 HOUR), NOW()),
(12, 100, NOW(), DATE_SUB(NOW(), INTERVAL 1 HOUR), DATE_ADD(NOW(), INTERVAL 24 HOUR), NOW()),
(13, 100, NOW(), DATE_SUB(NOW(), INTERVAL 1 HOUR), DATE_ADD(NOW(), INTERVAL 24 HOUR), NOW()),
(14, 100, NOW(), DATE_SUB(NOW(), INTERVAL 1 HOUR), DATE_ADD(NOW(), INTERVAL 24 HOUR), NOW()),
(15, 100, NOW(), DATE_SUB(NOW(), INTERVAL 1 HOUR), DATE_ADD(NOW(), INTERVAL 24 HOUR), NOW()),
(16, 100, NOW(), DATE_SUB(NOW(), INTERVAL 1 HOUR), DATE_ADD(NOW(), INTERVAL 24 HOUR), NOW()),
(17, 100, NOW(), DATE_SUB(NOW(), INTERVAL 1 HOUR), DATE_ADD(NOW(), INTERVAL 24 HOUR), NOW()),
(18, 100, NOW(), DATE_SUB(NOW(), INTERVAL 1 HOUR), DATE_ADD(NOW(), INTERVAL 24 HOUR), NOW()),
(19, 100, NOW(), DATE_SUB(NOW(), INTERVAL 1 HOUR), DATE_ADD(NOW(), INTERVAL 24 HOUR), NOW()),
(20, 100, NOW(), DATE_SUB(NOW(), INTERVAL 1 HOUR), DATE_ADD(NOW(), INTERVAL 24 HOUR), NOW()),
(21, 100, NOW(), DATE_SUB(NOW(), INTERVAL 1 HOUR), DATE_ADD(NOW(), INTERVAL 24 HOUR), NOW()),
(22, 100, NOW(), DATE_SUB(NOW(), INTERVAL 1 HOUR), DATE_ADD(NOW(), INTERVAL 24 HOUR), NOW()),
(23, 100, NOW(), DATE_SUB(NOW(), INTERVAL 1 HOUR), DATE_ADD(NOW(), INTERVAL 24 HOUR), NOW()),
(24, 100, NOW(), DATE_SUB(NOW(), INTERVAL 1 HOUR), DATE_ADD(NOW(), INTERVAL 24 HOUR), NOW()),
(25, 100, NOW(), DATE_SUB(NOW(), INTERVAL 1 HOUR), DATE_ADD(NOW(), INTERVAL 24 HOUR), NOW()),
(26, 100, NOW(), DATE_SUB(NOW(), INTERVAL 1 HOUR), DATE_ADD(NOW(), INTERVAL 24 HOUR), NOW()),
(27, 100, NOW(), DATE_SUB(NOW(), INTERVAL 1 HOUR), DATE_ADD(NOW(), INTERVAL 24 HOUR), NOW()),
(28, 100, NOW(), DATE_SUB(NOW(), INTERVAL 1 HOUR), DATE_ADD(NOW(), INTERVAL 24 HOUR), NOW()),
(29, 100, NOW(), DATE_SUB(NOW(), INTERVAL 1 HOUR), DATE_ADD(NOW(), INTERVAL 24 HOUR), NOW()),
(30, 100, NOW(), DATE_SUB(NOW(), INTERVAL 1 HOUR), DATE_ADD(NOW(), INTERVAL 24 HOUR), NOW());
